{"rmse": 0.09115290641784668, "ssim": 0.7753307650612382}