{"train": [0.32163668232019926, 0.24691564739248825, 0.23026962346556196, 0.21972742218237656, 0.21065034642566408, 0.20413244947990447, 0.19913016518820886, 0.19566012373237707], "val": [0.23109477701095435, 0.21410454389376518, 0.2058799318396128, 0.196285347143809, 0.19287547908532313, 0.18895437482457894, 0.18531017110515863, 0.18451879584254363]}